{
    "con1": {
        "1": 0.0965316923828125,
        "2": 0.10175067968749997
    },
    "con2": {
        "1": 0.14765208984375006,
        "2": 0.11414365771484376
    },
    "con3": {
        "1": 0,
        "2": 0
    }
}
