{
    "con1": {
        "1": -0.02738750135598925,
        "2": -0.003275263154741757,
        "3": -0.022326731026045397,
        "4": -0.003979907361267401,
        "5": 0.0,
        "6": 0.0,
        "7": 0.002506991445261518,
        "8": 0.002819607130368243,
        "9": 0.0050737533127175995,
        "10": 0.010505308310166587
    },
    "con2": {
        "1": -0.022819665500942124,
        "2": -0.015912323734913032,
        "3": -0.031248903397768833,
        "4": -0.005274101792687906,
        "5": 0.0,
        "6": 0.0,
        "7": 0.0013732620995142491,
        "8": 0.008768591107218532,
        "9": -0.0029169457036459807,
        "10": -0.0017674884865300521
    },
    "con3": {
        "1": -0.021680005599046127,
        "2": -0.01786748183658347,
        "3": -0.020537831851424927,
        "4": -0.0031041966828524864,
        "5": 0.0,
        "6": 0.0,
        "7": 0.004211485752603043,
        "8": 0.0041033027373487095,
        "9": -0.001015260219355696,
        "10": 0.0028028181906847765
    }
}