{
    "q1": {
        "a": 0.0017991418788312766,
        "p": 0.024853593828521633
    },
    "q2": {
        "a": 0.002715941720049385,
        "p": -0.04995361443696139
    },
    "rr1": {
        "a": -0.01957617700099945,
        "p": -0.01090735197067249
    },
    "rr2": {
        "a": -0.0625761037983466,
        "p": -0.040104649201384734
    },
    "q3": {
        "a": -0.00879303497368368,
        "p": 0.023874623052665907
    },
    "q4": {
        "a": -0.06056580769059164,
        "p": -0.0077348616537304404
    },
    "rr3": {
        "a": -0.17515662335790694,
        "p": -0.03519810091238468
    },
    "rr4": {
        "a": -0.12001581673393959,
        "p": -0.021368344748043444
    },
    "cr_c2t1": {
        "a": 0.001955331736334286,
        "p": -0.05280588188031582
    },
    "cr_c4t1": {
        "a": -0.06237850549035144,
        "p": 0.0009409446523001574
    },
    "cr_c2t3": {
        "a": 0.0008028691469632954,
        "p": -0.06947925478133071
    },
    "cr_c4t3": {
        "a": -0.05932334598242049,
        "p": 0.015479871797106273
    },
    "q12_1": {
        "a": 0.012150504906515636,
        "p": -0.0006980976205197764
    },
    "q12_2": {
        "a": 0.002715941720049385,
        "p": -0.04995361443696139
    },
    "q12_3": {
        "a": -0.02651725646827572,
        "p": 0.00665897676222188
    },
    "q12_4": {
        "a": 0.002715941720049385,
        "p": -0.04995361443696139
    }
}